{"mean_fit_time": [92.97775443394978, 99.57472467422485, 93.5105037689209, 97.1740444501241], "std_fit_time": [2.164295874923046, 1.3188736658249829, 2.12114794717053, 1.3192864967290643], "mean_score_time": [0.3003846009572347, 0.3097204367319743, 0.30358171463012695, 0.31009578704833984], "std_score_time": [0.0037792438653863943, 0.003795170124564321, 0.0011116600265973304, 0.004162933588135728], "param_rf__class_weight": [null, null, "balanced", "balanced"], "param_rf__max_depth": [10, null, 10, null], "param_rf__n_estimators": [100, 100, 100, 100], "params": [{"rf__class_weight": null, "rf__max_depth": 10, "rf__n_estimators": 100}, {"rf__class_weight": null, "rf__max_depth": null, "rf__n_estimators": 100}, {"rf__class_weight": "balanced", "rf__max_depth": 10, "rf__n_estimators": 100}, {"rf__class_weight": "balanced", "rf__max_depth": null, "rf__n_estimators": 100}], "split0_test_score": [0.8825662607089307, 0.9507436923963393, 0.8825662607089307, 0.9507436923963393], "split1_test_score": [0.8930350820202093, 0.9694220975554232, 0.8930350820202093, 0.9694220975554232], "split2_test_score": [0.9240079510397111, 0.9800588218782857, 0.9240079510397111, 0.9800588218782857], "mean_test_score": [0.8998697645896171, 0.9667415372766829, 0.8998697645896171, 0.9667415372766829], "std_test_score": [0.01759522830649451, 0.012117019894671371, 0.01759522830649451, 0.012117019894671371], "rank_test_score": [3, 1, 3, 1], "split0_train_score": [0.9162944533618637, 0.9997886381249853, 0.9162944533618637, 0.9997886381249853], "split1_train_score": [0.9066044558506542, 0.9997377469592473, 0.9066044558506542, 0.9997377469592473], "split2_train_score": [0.9317131747160653, 0.9995282879432785, 0.9317131747160653, 0.9995282879432785], "mean_train_score": [0.9182040279761944, 0.9996848910091704, 0.9182040279761944, 0.9996848910091704], "std_train_score": [0.010339142361960691, 0.00011266726194889293, 0.010339142361960691, 0.00011266726194889293]}